{
    "Save99AB.sav": [
        -37145.73828125,
        36841.7421875,
        2100.373046875
    ],
    "Save99AE.sav": [
        21508.013671875,
        7988.341796875,
        6429.2109375
    ]
}